Precision@10,Recall@10,HitRate@10,NDCG@10,MRR@10
0.030962447152449637,0.048400658447910375,0.24048744093509078,0.17292262931269306,0.09052681754124182
